[
{
  "model": "admin.logentry",
  "pk": 1,
  "fields": {
    "action_time": "2025-11-16T13:58:10.023Z",
    "user": 1,
    "content_type": 8,
    "object_id": "1",
    "object_repr": "FC Barcelona (Muži)",
    "action_flag": 1,
    "change_message": "[{\"added\": {}}]"
  }
},
{
  "model": "admin.logentry",
  "pk": 2,
  "fields": {
    "action_time": "2025-11-16T13:58:55.677Z",
    "user": 1,
    "content_type": 6,
    "object_id": "2",
    "object_repr": "trener1 (Trenér)",
    "action_flag": 1,
    "change_message": "[{\"added\": {}}]"
  }
},
{
  "model": "admin.logentry",
  "pk": 3,
  "fields": {
    "action_time": "2025-11-16T14:22:46.607Z",
    "user": 1,
    "content_type": 8,
    "object_id": "1",
    "object_repr": "FC Barcelona (Muži)",
    "action_flag": 2,
    "change_message": "[{\"changed\": {\"fields\": [\"Trener\"]}}]"
  }
},
{
  "model": "admin.logentry",
  "pk": 4,
  "fields": {
    "action_time": "2025-11-16T14:29:14.208Z",
    "user": 1,
    "content_type": 6,
    "object_id": "3",
    "object_repr": "hrac1 (Hráč)",
    "action_flag": 1,
    "change_message": "[{\"added\": {}}]"
  }
},
{
  "model": "admin.logentry",
  "pk": 5,
  "fields": {
    "action_time": "2025-11-16T14:44:25.392Z",
    "user": 1,
    "content_type": 6,
    "object_id": "3",
    "object_repr": "hrac1 (Hráč)",
    "action_flag": 3,
    "change_message": ""
  }
},
{
  "model": "admin.logentry",
  "pk": 6,
  "fields": {
    "action_time": "2025-11-16T14:44:52.993Z",
    "user": 1,
    "content_type": 6,
    "object_id": "4",
    "object_repr": "hrac1 (Hráč)",
    "action_flag": 1,
    "change_message": "[{\"added\": {}}]"
  }
},
{
  "model": "admin.logentry",
  "pk": 7,
  "fields": {
    "action_time": "2025-11-16T21:39:57.057Z",
    "user": 1,
    "content_type": 6,
    "object_id": "5",
    "object_repr": "hrac2 (Hráč)",
    "action_flag": 1,
    "change_message": "[{\"added\": {}}]"
  }
},
{
  "model": "admin.logentry",
  "pk": 8,
  "fields": {
    "action_time": "2025-11-16T22:57:22.924Z",
    "user": 1,
    "content_type": 9,
    "object_id": "1",
    "object_repr": "Taktická příprava — 2025-11-22 15:30 (None)",
    "action_flag": 3,
    "change_message": ""
  }
},
{
  "model": "admin.logentry",
  "pk": 9,
  "fields": {
    "action_time": "2025-11-17T11:56:21.319Z",
    "user": 1,
    "content_type": 10,
    "object_id": "3",
    "object_repr": "Robert Lewandowski (Hráč)",
    "action_flag": 2,
    "change_message": "[{\"changed\": {\"fields\": [\"Fotografie\"]}}]"
  }
},
{
  "model": "admin.logentry",
  "pk": 10,
  "fields": {
    "action_time": "2025-11-17T11:57:04.404Z",
    "user": 1,
    "content_type": 10,
    "object_id": "2",
    "object_repr": "Raphinha (Hráč)",
    "action_flag": 2,
    "change_message": "[{\"changed\": {\"fields\": [\"Fotografie\"]}}]"
  }
},
{
  "model": "admin.logentry",
  "pk": 11,
  "fields": {
    "action_time": "2025-11-17T12:25:00.745Z",
    "user": 1,
    "content_type": 9,
    "object_id": "5",
    "object_repr": "Fyzická příprava — 2025-11-17 13:17 (FC Barcelona (Muži))",
    "action_flag": 2,
    "change_message": "[{\"changed\": {\"fields\": [\"Stav tr\\u00e9ninku\"]}}]"
  }
},
{
  "model": "admin.logentry",
  "pk": 12,
  "fields": {
    "action_time": "2025-11-17T12:26:36.584Z",
    "user": 1,
    "content_type": 9,
    "object_id": "5",
    "object_repr": "Fyzická příprava — 2025-11-17 13:17 (FC Barcelona (Muži))",
    "action_flag": 2,
    "change_message": "[{\"changed\": {\"fields\": [\"Stav tr\\u00e9ninku\"]}}]"
  }
},
{
  "model": "admin.logentry",
  "pk": 13,
  "fields": {
    "action_time": "2025-11-18T11:23:05.021Z",
    "user": 1,
    "content_type": 6,
    "object_id": "6",
    "object_repr": "hrac3 (Hráč)",
    "action_flag": 1,
    "change_message": "[{\"added\": {}}]"
  }
},
{
  "model": "admin.logentry",
  "pk": 14,
  "fields": {
    "action_time": "2025-11-18T11:46:41.630Z",
    "user": 1,
    "content_type": 10,
    "object_id": "4",
    "object_repr": "Balde (Hráč)",
    "action_flag": 2,
    "change_message": "[{\"changed\": {\"fields\": [\"Fotografie\"]}}]"
  }
},
{
  "model": "admin.logentry",
  "pk": 15,
  "fields": {
    "action_time": "2025-11-18T12:01:17.448Z",
    "user": 1,
    "content_type": 6,
    "object_id": "7",
    "object_repr": "hrac4 (Hráč)",
    "action_flag": 1,
    "change_message": "[{\"added\": {}}]"
  }
},
{
  "model": "admin.logentry",
  "pk": 16,
  "fields": {
    "action_time": "2025-11-18T12:16:39.559Z",
    "user": 1,
    "content_type": 6,
    "object_id": "8",
    "object_repr": "hrac5 (Hráč)",
    "action_flag": 1,
    "change_message": "[{\"added\": {}}]"
  }
},
{
  "model": "admin.logentry",
  "pk": 17,
  "fields": {
    "action_time": "2025-11-18T21:59:13.317Z",
    "user": 1,
    "content_type": 8,
    "object_id": "2",
    "object_repr": "FC Barcelona (U16-U19)",
    "action_flag": 1,
    "change_message": "[{\"added\": {}}]"
  }
},
{
  "model": "admin.logentry",
  "pk": 18,
  "fields": {
    "action_time": "2025-11-18T22:15:18.242Z",
    "user": 1,
    "content_type": 8,
    "object_id": "2",
    "object_repr": "FC Barcelona (U16-U19)",
    "action_flag": 2,
    "change_message": "[{\"changed\": {\"fields\": [\"Logo\"]}}]"
  }
},
{
  "model": "admin.logentry",
  "pk": 19,
  "fields": {
    "action_time": "2025-11-20T09:18:08.417Z",
    "user": 1,
    "content_type": 11,
    "object_id": "21",
    "object_repr": "Real Madrid CF (2025-09-20)",
    "action_flag": 2,
    "change_message": "[{\"added\": {\"name\": \"Karta\", \"object\": \"Karta: Pedri (Hr\\u00e1\\u010d) \\u2014 Real Madrid CF (2025-09-20) (\\u010cerven\\u00e1 | 87. min)\"}}]"
  }
},
{
  "model": "auth.permission",
  "pk": 1,
  "fields": {
    "name": "Can add log entry",
    "content_type": 1,
    "codename": "add_logentry"
  }
},
{
  "model": "auth.permission",
  "pk": 2,
  "fields": {
    "name": "Can change log entry",
    "content_type": 1,
    "codename": "change_logentry"
  }
},
{
  "model": "auth.permission",
  "pk": 3,
  "fields": {
    "name": "Can delete log entry",
    "content_type": 1,
    "codename": "delete_logentry"
  }
},
{
  "model": "auth.permission",
  "pk": 4,
  "fields": {
    "name": "Can view log entry",
    "content_type": 1,
    "codename": "view_logentry"
  }
},
{
  "model": "auth.permission",
  "pk": 5,
  "fields": {
    "name": "Can add permission",
    "content_type": 2,
    "codename": "add_permission"
  }
},
{
  "model": "auth.permission",
  "pk": 6,
  "fields": {
    "name": "Can change permission",
    "content_type": 2,
    "codename": "change_permission"
  }
},
{
  "model": "auth.permission",
  "pk": 7,
  "fields": {
    "name": "Can delete permission",
    "content_type": 2,
    "codename": "delete_permission"
  }
},
{
  "model": "auth.permission",
  "pk": 8,
  "fields": {
    "name": "Can view permission",
    "content_type": 2,
    "codename": "view_permission"
  }
},
{
  "model": "auth.permission",
  "pk": 9,
  "fields": {
    "name": "Can add group",
    "content_type": 3,
    "codename": "add_group"
  }
},
{
  "model": "auth.permission",
  "pk": 10,
  "fields": {
    "name": "Can change group",
    "content_type": 3,
    "codename": "change_group"
  }
},
{
  "model": "auth.permission",
  "pk": 11,
  "fields": {
    "name": "Can delete group",
    "content_type": 3,
    "codename": "delete_group"
  }
},
{
  "model": "auth.permission",
  "pk": 12,
  "fields": {
    "name": "Can view group",
    "content_type": 3,
    "codename": "view_group"
  }
},
{
  "model": "auth.permission",
  "pk": 13,
  "fields": {
    "name": "Can add content type",
    "content_type": 4,
    "codename": "add_contenttype"
  }
},
{
  "model": "auth.permission",
  "pk": 14,
  "fields": {
    "name": "Can change content type",
    "content_type": 4,
    "codename": "change_contenttype"
  }
},
{
  "model": "auth.permission",
  "pk": 15,
  "fields": {
    "name": "Can delete content type",
    "content_type": 4,
    "codename": "delete_contenttype"
  }
},
{
  "model": "auth.permission",
  "pk": 16,
  "fields": {
    "name": "Can view content type",
    "content_type": 4,
    "codename": "view_contenttype"
  }
},
{
  "model": "auth.permission",
  "pk": 17,
  "fields": {
    "name": "Can add session",
    "content_type": 5,
    "codename": "add_session"
  }
},
{
  "model": "auth.permission",
  "pk": 18,
  "fields": {
    "name": "Can change session",
    "content_type": 5,
    "codename": "change_session"
  }
},
{
  "model": "auth.permission",
  "pk": 19,
  "fields": {
    "name": "Can delete session",
    "content_type": 5,
    "codename": "delete_session"
  }
},
{
  "model": "auth.permission",
  "pk": 20,
  "fields": {
    "name": "Can view session",
    "content_type": 5,
    "codename": "view_session"
  }
},
{
  "model": "auth.permission",
  "pk": 21,
  "fields": {
    "name": "Can add user",
    "content_type": 6,
    "codename": "add_user"
  }
},
{
  "model": "auth.permission",
  "pk": 22,
  "fields": {
    "name": "Can change user",
    "content_type": 6,
    "codename": "change_user"
  }
},
{
  "model": "auth.permission",
  "pk": 23,
  "fields": {
    "name": "Can delete user",
    "content_type": 6,
    "codename": "delete_user"
  }
},
{
  "model": "auth.permission",
  "pk": 24,
  "fields": {
    "name": "Can view user",
    "content_type": 6,
    "codename": "view_user"
  }
},
{
  "model": "auth.permission",
  "pk": 25,
  "fields": {
    "name": "Can add Trenér",
    "content_type": 7,
    "codename": "add_trenerprofile"
  }
},
{
  "model": "auth.permission",
  "pk": 26,
  "fields": {
    "name": "Can change Trenér",
    "content_type": 7,
    "codename": "change_trenerprofile"
  }
},
{
  "model": "auth.permission",
  "pk": 27,
  "fields": {
    "name": "Can delete Trenér",
    "content_type": 7,
    "codename": "delete_trenerprofile"
  }
},
{
  "model": "auth.permission",
  "pk": 28,
  "fields": {
    "name": "Can view Trenér",
    "content_type": 7,
    "codename": "view_trenerprofile"
  }
},
{
  "model": "auth.permission",
  "pk": 29,
  "fields": {
    "name": "Can add tym",
    "content_type": 8,
    "codename": "add_tym"
  }
},
{
  "model": "auth.permission",
  "pk": 30,
  "fields": {
    "name": "Can change tym",
    "content_type": 8,
    "codename": "change_tym"
  }
},
{
  "model": "auth.permission",
  "pk": 31,
  "fields": {
    "name": "Can delete tym",
    "content_type": 8,
    "codename": "delete_tym"
  }
},
{
  "model": "auth.permission",
  "pk": 32,
  "fields": {
    "name": "Can view tym",
    "content_type": 8,
    "codename": "view_tym"
  }
},
{
  "model": "auth.permission",
  "pk": 33,
  "fields": {
    "name": "Can add Trénink",
    "content_type": 9,
    "codename": "add_trenink"
  }
},
{
  "model": "auth.permission",
  "pk": 34,
  "fields": {
    "name": "Can change Trénink",
    "content_type": 9,
    "codename": "change_trenink"
  }
},
{
  "model": "auth.permission",
  "pk": 35,
  "fields": {
    "name": "Can delete Trénink",
    "content_type": 9,
    "codename": "delete_trenink"
  }
},
{
  "model": "auth.permission",
  "pk": 36,
  "fields": {
    "name": "Can view Trénink",
    "content_type": 9,
    "codename": "view_trenink"
  }
},
{
  "model": "auth.permission",
  "pk": 37,
  "fields": {
    "name": "Can add Hráč",
    "content_type": 10,
    "codename": "add_hracprofile"
  }
},
{
  "model": "auth.permission",
  "pk": 38,
  "fields": {
    "name": "Can change Hráč",
    "content_type": 10,
    "codename": "change_hracprofile"
  }
},
{
  "model": "auth.permission",
  "pk": 39,
  "fields": {
    "name": "Can delete Hráč",
    "content_type": 10,
    "codename": "delete_hracprofile"
  }
},
{
  "model": "auth.permission",
  "pk": 40,
  "fields": {
    "name": "Can view Hráč",
    "content_type": 10,
    "codename": "view_hracprofile"
  }
},
{
  "model": "auth.permission",
  "pk": 41,
  "fields": {
    "name": "Can add Zápas",
    "content_type": 11,
    "codename": "add_zapas"
  }
},
{
  "model": "auth.permission",
  "pk": 42,
  "fields": {
    "name": "Can change Zápas",
    "content_type": 11,
    "codename": "change_zapas"
  }
},
{
  "model": "auth.permission",
  "pk": 43,
  "fields": {
    "name": "Can delete Zápas",
    "content_type": 11,
    "codename": "delete_zapas"
  }
},
{
  "model": "auth.permission",
  "pk": 44,
  "fields": {
    "name": "Can view Zápas",
    "content_type": 11,
    "codename": "view_zapas"
  }
},
{
  "model": "auth.permission",
  "pk": 45,
  "fields": {
    "name": "Can add Docházka na trénink",
    "content_type": 12,
    "codename": "add_dochazkatreninky"
  }
},
{
  "model": "auth.permission",
  "pk": 46,
  "fields": {
    "name": "Can change Docházka na trénink",
    "content_type": 12,
    "codename": "change_dochazkatreninky"
  }
},
{
  "model": "auth.permission",
  "pk": 47,
  "fields": {
    "name": "Can delete Docházka na trénink",
    "content_type": 12,
    "codename": "delete_dochazkatreninky"
  }
},
{
  "model": "auth.permission",
  "pk": 48,
  "fields": {
    "name": "Can view Docházka na trénink",
    "content_type": 12,
    "codename": "view_dochazkatreninky"
  }
},
{
  "model": "auth.permission",
  "pk": 49,
  "fields": {
    "name": "Can add Docházka na zápas",
    "content_type": 13,
    "codename": "add_dochazkazapasy"
  }
},
{
  "model": "auth.permission",
  "pk": 50,
  "fields": {
    "name": "Can change Docházka na zápas",
    "content_type": 13,
    "codename": "change_dochazkazapasy"
  }
},
{
  "model": "auth.permission",
  "pk": 51,
  "fields": {
    "name": "Can delete Docházka na zápas",
    "content_type": 13,
    "codename": "delete_dochazkazapasy"
  }
},
{
  "model": "auth.permission",
  "pk": 52,
  "fields": {
    "name": "Can view Docházka na zápas",
    "content_type": 13,
    "codename": "view_dochazkazapasy"
  }
},
{
  "model": "auth.permission",
  "pk": 53,
  "fields": {
    "name": "Can add Gól",
    "content_type": 14,
    "codename": "add_gol"
  }
},
{
  "model": "auth.permission",
  "pk": 54,
  "fields": {
    "name": "Can change Gól",
    "content_type": 14,
    "codename": "change_gol"
  }
},
{
  "model": "auth.permission",
  "pk": 55,
  "fields": {
    "name": "Can delete Gól",
    "content_type": 14,
    "codename": "delete_gol"
  }
},
{
  "model": "auth.permission",
  "pk": 56,
  "fields": {
    "name": "Can view Gól",
    "content_type": 14,
    "codename": "view_gol"
  }
},
{
  "model": "auth.permission",
  "pk": 57,
  "fields": {
    "name": "Can add Karta",
    "content_type": 15,
    "codename": "add_karta"
  }
},
{
  "model": "auth.permission",
  "pk": 58,
  "fields": {
    "name": "Can change Karta",
    "content_type": 15,
    "codename": "change_karta"
  }
},
{
  "model": "auth.permission",
  "pk": 59,
  "fields": {
    "name": "Can delete Karta",
    "content_type": 15,
    "codename": "delete_karta"
  }
},
{
  "model": "auth.permission",
  "pk": 60,
  "fields": {
    "name": "Can view Karta",
    "content_type": 15,
    "codename": "view_karta"
  }
},
{
  "model": "contenttypes.contenttype",
  "pk": 1,
  "fields": {
    "app_label": "admin",
    "model": "logentry"
  }
},
{
  "model": "contenttypes.contenttype",
  "pk": 2,
  "fields": {
    "app_label": "auth",
    "model": "permission"
  }
},
{
  "model": "contenttypes.contenttype",
  "pk": 3,
  "fields": {
    "app_label": "auth",
    "model": "group"
  }
},
{
  "model": "contenttypes.contenttype",
  "pk": 4,
  "fields": {
    "app_label": "contenttypes",
    "model": "contenttype"
  }
},
{
  "model": "contenttypes.contenttype",
  "pk": 5,
  "fields": {
    "app_label": "sessions",
    "model": "session"
  }
},
{
  "model": "contenttypes.contenttype",
  "pk": 6,
  "fields": {
    "app_label": "aplikace",
    "model": "user"
  }
},
{
  "model": "contenttypes.contenttype",
  "pk": 7,
  "fields": {
    "app_label": "aplikace",
    "model": "trenerprofile"
  }
},
{
  "model": "contenttypes.contenttype",
  "pk": 8,
  "fields": {
    "app_label": "aplikace",
    "model": "tym"
  }
},
{
  "model": "contenttypes.contenttype",
  "pk": 9,
  "fields": {
    "app_label": "aplikace",
    "model": "trenink"
  }
},
{
  "model": "contenttypes.contenttype",
  "pk": 10,
  "fields": {
    "app_label": "aplikace",
    "model": "hracprofile"
  }
},
{
  "model": "contenttypes.contenttype",
  "pk": 11,
  "fields": {
    "app_label": "aplikace",
    "model": "zapas"
  }
},
{
  "model": "contenttypes.contenttype",
  "pk": 12,
  "fields": {
    "app_label": "aplikace",
    "model": "dochazkatreninky"
  }
},
{
  "model": "contenttypes.contenttype",
  "pk": 13,
  "fields": {
    "app_label": "aplikace",
    "model": "dochazkazapasy"
  }
},
{
  "model": "contenttypes.contenttype",
  "pk": 14,
  "fields": {
    "app_label": "aplikace",
    "model": "gol"
  }
},
{
  "model": "contenttypes.contenttype",
  "pk": 15,
  "fields": {
    "app_label": "aplikace",
    "model": "karta"
  }
},
{
  "model": "sessions.session",
  "pk": "wrn9flvzdd3rxqrp2we25zi16o0v0ntv",
  "fields": {
    "session_data": ".eJxVjEEOwiAQRe_C2hCgzEBduvcMZBimUjVtUtqV8e7apAvd_vfef6lE21rT1mRJY1Fn5dXpd8vED5l2UO403WbN87QuY9a7og_a9HUu8rwc7t9BpVa_tRhgYA4o1jmJrjcwdMDoLfYI0oWOJJLDzBiNwMAmWi6hOBFgQq_eH9Y6N9s:1vNAtb:PgmA-ssmuSxJ6AovNvUF8CgOFRfUKB6dLwYChVRq3NM",
    "expire_date": "2025-12-07T14:16:55.846Z"
  }
},
{
  "model": "aplikace.user",
  "pk": 1,
  "fields": {
    "password": "pbkdf2_sha256$1000000$lVBDpd6Ja8QRTsMTdKJBR1$fRAfF49lBGd4tGP425N5023GStuBgiqMlmQK2YVN9zE=",
    "last_login": "2025-11-23T13:32:11.618Z",
    "is_superuser": true,
    "username": "admin",
    "first_name": "",
    "last_name": "",
    "email": "it2227@sspu-opava.cz",
    "is_staff": true,
    "is_active": true,
    "date_joined": "2025-11-15T14:58:23.421Z",
    "role": "admin",
    "first_login": true,
    "groups": [],
    "user_permissions": []
  }
},
{
  "model": "aplikace.user",
  "pk": 2,
  "fields": {
    "password": "pbkdf2_sha256$1000000$XreQ6pS2MP61ju8dGi5YrM$jluoJeXBNebRzpi7eyNBDkDdrm9MUnWDC3LvedoFsAc=",
    "last_login": "2025-11-23T13:34:02.764Z",
    "is_superuser": false,
    "username": "trener1",
    "first_name": "",
    "last_name": "",
    "email": "hansi.flick@gmail.com",
    "is_staff": false,
    "is_active": true,
    "date_joined": "2025-11-16T13:58:55.218Z",
    "role": "trener",
    "first_login": false,
    "groups": [],
    "user_permissions": []
  }
},
{
  "model": "aplikace.user",
  "pk": 4,
  "fields": {
    "password": "pbkdf2_sha256$1000000$xqpg5oqf8ID83Nzv2qrIUE$UoViHaQwwwCayltK+XOJETF6n3CpDysSWHk7an4HHvo=",
    "last_login": "2025-11-23T14:16:55.841Z",
    "is_superuser": false,
    "username": "hrac1",
    "first_name": "",
    "last_name": "",
    "email": "raphinha@gmail.com",
    "is_staff": false,
    "is_active": true,
    "date_joined": "2025-11-16T14:44:52.536Z",
    "role": "hrac",
    "first_login": false,
    "groups": [],
    "user_permissions": []
  }
},
{
  "model": "aplikace.user",
  "pk": 5,
  "fields": {
    "password": "pbkdf2_sha256$1000000$Y81Jci5vgHRzftic69jOcs$GQiurTqQun52N2+Vp7krGg27ITPqI6JCQmUCUFpEVGQ=",
    "last_login": "2025-11-23T08:40:27.604Z",
    "is_superuser": false,
    "username": "hrac2",
    "first_name": "",
    "last_name": "",
    "email": "robert.lewandowski@gmail.com",
    "is_staff": false,
    "is_active": true,
    "date_joined": "2025-11-16T21:39:56.622Z",
    "role": "hrac",
    "first_login": false,
    "groups": [],
    "user_permissions": []
  }
},
{
  "model": "aplikace.user",
  "pk": 6,
  "fields": {
    "password": "pbkdf2_sha256$1000000$hzst7yyM8eW7Ih1YaLJoau$7vp5UYMsWc4xeRwQmKyofN52jTOTZfiyl3uKonKhDGk=",
    "last_login": "2025-11-23T08:40:46.920Z",
    "is_superuser": false,
    "username": "hrac3",
    "first_name": "",
    "last_name": "",
    "email": "balde@gmail.com",
    "is_staff": false,
    "is_active": true,
    "date_joined": "2025-11-18T11:23:04.488Z",
    "role": "hrac",
    "first_login": false,
    "groups": [],
    "user_permissions": []
  }
},
{
  "model": "aplikace.user",
  "pk": 7,
  "fields": {
    "password": "pbkdf2_sha256$1000000$CmZEPJELcwenEe9am1kp6E$crPuZcpBqg+y8wpFm/vF7BatXOEieX3u8d59SfON/lk=",
    "last_login": "2025-11-23T08:40:58.126Z",
    "is_superuser": false,
    "username": "hrac4",
    "first_name": "",
    "last_name": "",
    "email": "pedri@gmail.com",
    "is_staff": false,
    "is_active": true,
    "date_joined": "2025-11-18T12:01:17.022Z",
    "role": "hrac",
    "first_login": false,
    "groups": [],
    "user_permissions": []
  }
},
{
  "model": "aplikace.user",
  "pk": 8,
  "fields": {
    "password": "pbkdf2_sha256$1000000$oFbFtbuT6aEEARMe7AAWQ8$G0nBnyub9VVIMhV3rDlKW9A6ufoX+XAHhgRK65CI1Nk=",
    "last_login": "2025-11-23T08:33:22.158Z",
    "is_superuser": false,
    "username": "hrac5",
    "first_name": "",
    "last_name": "",
    "email": "lamine.yamal@gmail.com",
    "is_staff": false,
    "is_active": true,
    "date_joined": "2025-11-18T12:16:39.125Z",
    "role": "hrac",
    "first_login": false,
    "groups": [],
    "user_permissions": []
  }
},
{
  "model": "aplikace.trenerprofile",
  "pk": 1,
  "fields": {
    "user": 2,
    "first_name": "Hansi",
    "last_name": "Flick",
    "phone": null,
    "birth_date": "1965-02-24",
    "photo": "trener_photo/hansi_flick_QIMOBKc.jpg",
    "created_at": "2025-11-16T13:58:55.674Z",
    "updated_at": "2025-11-16T14:15:14.323Z"
  }
},
{
  "model": "aplikace.tym",
  "pk": 1,
  "fields": {
    "nazev": "FC Barcelona",
    "kategorie": "Muži",
    "trener": 1,
    "stadion": "Camp Nou",
    "mesto": "Barcelona",
    "logo": "klub_photo/fc_barcelona.png"
  }
},
{
  "model": "aplikace.tym",
  "pk": 2,
  "fields": {
    "nazev": "FC Barcelona",
    "kategorie": "U16-U19",
    "trener": 1,
    "stadion": "Camp Nou",
    "mesto": "Barcelona",
    "logo": "klub_photo/fc_barcelona_Rf6W5Fy.png"
  }
},
{
  "model": "aplikace.hracprofile",
  "pk": 2,
  "fields": {
    "user": 4,
    "trener": 1,
    "tym": 1,
    "first_name": "Raphinha",
    "last_name": null,
    "phone": null,
    "birth_date": "1996-12-14",
    "height": 176,
    "weight": 72,
    "cislo_dresu": 11,
    "pozice": "LW",
    "preferred_foot": "Levá",
    "photo": "hrac_photo/raphinha.jpg",
    "created_at": "2025-11-16T14:44:52.991Z",
    "updated_at": "2025-11-17T11:57:04.403Z"
  }
},
{
  "model": "aplikace.hracprofile",
  "pk": 3,
  "fields": {
    "user": 5,
    "trener": 1,
    "tym": 1,
    "first_name": "Robert",
    "last_name": "Lewandowski",
    "phone": null,
    "birth_date": "1988-08-21",
    "height": 185,
    "weight": 81,
    "cislo_dresu": 9,
    "pozice": "ST",
    "preferred_foot": "Pravá",
    "photo": "hrac_photo/robert_lewandowski.webp",
    "created_at": "2025-11-16T21:39:57.055Z",
    "updated_at": "2025-11-17T11:56:21.318Z"
  }
},
{
  "model": "aplikace.hracprofile",
  "pk": 4,
  "fields": {
    "user": 6,
    "trener": 1,
    "tym": 1,
    "first_name": "Balde",
    "last_name": null,
    "phone": null,
    "birth_date": "2003-10-18",
    "height": 177,
    "weight": 76,
    "cislo_dresu": 3,
    "pozice": "LB",
    "preferred_foot": "Levá",
    "photo": "hrac_photo/balde.webp",
    "created_at": "2025-11-18T11:23:05.014Z",
    "updated_at": "2025-11-18T11:46:41.628Z"
  }
},
{
  "model": "aplikace.hracprofile",
  "pk": 5,
  "fields": {
    "user": 7,
    "trener": 1,
    "tym": 1,
    "first_name": "Pedri",
    "last_name": null,
    "phone": null,
    "birth_date": "2002-02-25",
    "height": 174,
    "weight": 68,
    "cislo_dresu": 8,
    "pozice": "CM",
    "preferred_foot": "Pravá",
    "photo": "hrac_photo/pedri.jpg",
    "created_at": "2025-11-18T12:01:17.446Z",
    "updated_at": "2025-11-18T12:11:50.529Z"
  }
},
{
  "model": "aplikace.hracprofile",
  "pk": 6,
  "fields": {
    "user": 8,
    "trener": 1,
    "tym": 1,
    "first_name": "Lamine",
    "last_name": "Yamal",
    "phone": null,
    "birth_date": "2007-07-13",
    "height": 179,
    "weight": 72,
    "cislo_dresu": 10,
    "pozice": "RW",
    "preferred_foot": "Levá",
    "photo": "hrac_photo/lamine_yamal.jpg",
    "created_at": "2025-11-18T12:16:39.557Z",
    "updated_at": "2025-11-18T12:20:38.367Z"
  }
},
{
  "model": "aplikace.trenink",
  "pk": 3,
  "fields": {
    "tym": 1,
    "datum": "2025-11-19",
    "cas": "15:30:00",
    "typ": "Fyzická příprava",
    "poznamka": "zkouška",
    "stav": "Naplánováno",
    "created_at": "2025-11-16T23:10:51.273Z"
  }
},
{
  "model": "aplikace.trenink",
  "pk": 7,
  "fields": {
    "tym": 1,
    "datum": "2025-11-08",
    "cas": "15:30:00",
    "typ": "Fyzická příprava",
    "poznamka": "",
    "stav": "Naplánováno",
    "created_at": "2025-11-17T13:32:28.274Z"
  }
},
{
  "model": "aplikace.trenink",
  "pk": 8,
  "fields": {
    "tym": 1,
    "datum": "2025-11-17",
    "cas": "14:34:00",
    "typ": "Taktická připrava",
    "poznamka": "",
    "stav": "Naplánováno",
    "created_at": "2025-11-17T13:32:58.451Z"
  }
},
{
  "model": "aplikace.trenink",
  "pk": 9,
  "fields": {
    "tym": 1,
    "datum": "2025-11-17",
    "cas": "14:43:00",
    "typ": "Fyzická příprava",
    "poznamka": "",
    "stav": "Naplánováno",
    "created_at": "2025-11-17T13:42:07.658Z"
  }
},
{
  "model": "aplikace.trenink",
  "pk": 11,
  "fields": {
    "tym": 2,
    "datum": "2025-12-24",
    "cas": "16:30:00",
    "typ": "Fyzická příprava",
    "poznamka": "zkouška",
    "stav": "Naplánováno",
    "created_at": "2025-11-18T23:38:16.327Z"
  }
},
{
  "model": "aplikace.trenink",
  "pk": 12,
  "fields": {
    "tym": 2,
    "datum": "2025-11-01",
    "cas": "11:11:00",
    "typ": "Taktická připrava",
    "poznamka": "",
    "stav": "Naplánováno",
    "created_at": "2025-11-18T23:38:41.764Z"
  }
},
{
  "model": "aplikace.trenink",
  "pk": 13,
  "fields": {
    "tym": 1,
    "datum": "2025-11-22",
    "cas": "15:30:00",
    "typ": "Taktická připrava",
    "poznamka": "zkouška",
    "stav": "Naplánováno",
    "created_at": "2025-11-19T15:55:52.852Z"
  }
},
{
  "model": "aplikace.dochazkatreninky",
  "pk": 1,
  "fields": {
    "trenink": 3,
    "hrac": 2,
    "pritomen": null,
    "duvod": "",
    "hlasoval_v": "2025-11-19T10:01:14.355Z"
  }
},
{
  "model": "aplikace.dochazkatreninky",
  "pk": 2,
  "fields": {
    "trenink": 3,
    "hrac": 3,
    "pritomen": false,
    "duvod": null,
    "hlasoval_v": "2025-11-17T11:50:49.970Z"
  }
},
{
  "model": "aplikace.dochazkatreninky",
  "pk": 5,
  "fields": {
    "trenink": 8,
    "hrac": 2,
    "pritomen": true,
    "duvod": null,
    "hlasoval_v": "2025-11-17T13:33:57.642Z"
  }
},
{
  "model": "aplikace.dochazkatreninky",
  "pk": 6,
  "fields": {
    "trenink": 8,
    "hrac": 3,
    "pritomen": false,
    "duvod": null,
    "hlasoval_v": "2025-11-17T13:39:55.893Z"
  }
},
{
  "model": "aplikace.dochazkatreninky",
  "pk": 7,
  "fields": {
    "trenink": 7,
    "hrac": 3,
    "pritomen": false,
    "duvod": null,
    "hlasoval_v": "2025-11-17T13:39:55.900Z"
  }
},
{
  "model": "aplikace.dochazkatreninky",
  "pk": 8,
  "fields": {
    "trenink": 7,
    "hrac": 2,
    "pritomen": false,
    "duvod": null,
    "hlasoval_v": "2025-11-17T13:39:55.901Z"
  }
},
{
  "model": "aplikace.dochazkatreninky",
  "pk": 9,
  "fields": {
    "trenink": 9,
    "hrac": 2,
    "pritomen": true,
    "duvod": null,
    "hlasoval_v": "2025-11-17T13:42:19.689Z"
  }
},
{
  "model": "aplikace.dochazkatreninky",
  "pk": 10,
  "fields": {
    "trenink": 9,
    "hrac": 3,
    "pritomen": false,
    "duvod": null,
    "hlasoval_v": "2025-11-17T13:44:13.067Z"
  }
},
{
  "model": "aplikace.dochazkatreninky",
  "pk": 11,
  "fields": {
    "trenink": 9,
    "hrac": 4,
    "pritomen": false,
    "duvod": null,
    "hlasoval_v": "2025-11-18T11:47:21.562Z"
  }
},
{
  "model": "aplikace.dochazkatreninky",
  "pk": 12,
  "fields": {
    "trenink": 8,
    "hrac": 4,
    "pritomen": false,
    "duvod": null,
    "hlasoval_v": "2025-11-18T11:47:21.570Z"
  }
},
{
  "model": "aplikace.dochazkatreninky",
  "pk": 13,
  "fields": {
    "trenink": 7,
    "hrac": 4,
    "pritomen": false,
    "duvod": null,
    "hlasoval_v": "2025-11-18T11:47:21.574Z"
  }
},
{
  "model": "aplikace.dochazkatreninky",
  "pk": 14,
  "fields": {
    "trenink": 3,
    "hrac": 4,
    "pritomen": true,
    "duvod": null,
    "hlasoval_v": "2025-11-18T11:47:23.886Z"
  }
},
{
  "model": "aplikace.dochazkatreninky",
  "pk": 15,
  "fields": {
    "trenink": 3,
    "hrac": 5,
    "pritomen": true,
    "duvod": null,
    "hlasoval_v": "2025-11-18T12:11:56.547Z"
  }
},
{
  "model": "aplikace.dochazkatreninky",
  "pk": 16,
  "fields": {
    "trenink": 9,
    "hrac": 5,
    "pritomen": false,
    "duvod": null,
    "hlasoval_v": "2025-11-18T12:12:13.474Z"
  }
},
{
  "model": "aplikace.dochazkatreninky",
  "pk": 17,
  "fields": {
    "trenink": 8,
    "hrac": 5,
    "pritomen": false,
    "duvod": null,
    "hlasoval_v": "2025-11-18T12:12:13.481Z"
  }
},
{
  "model": "aplikace.dochazkatreninky",
  "pk": 18,
  "fields": {
    "trenink": 7,
    "hrac": 5,
    "pritomen": false,
    "duvod": null,
    "hlasoval_v": "2025-11-18T12:12:13.485Z"
  }
},
{
  "model": "aplikace.dochazkatreninky",
  "pk": 19,
  "fields": {
    "trenink": 3,
    "hrac": 6,
    "pritomen": true,
    "duvod": null,
    "hlasoval_v": "2025-11-18T12:20:40.725Z"
  }
},
{
  "model": "aplikace.dochazkatreninky",
  "pk": 20,
  "fields": {
    "trenink": 9,
    "hrac": 6,
    "pritomen": false,
    "duvod": null,
    "hlasoval_v": "2025-11-18T12:23:22.278Z"
  }
},
{
  "model": "aplikace.dochazkatreninky",
  "pk": 21,
  "fields": {
    "trenink": 8,
    "hrac": 6,
    "pritomen": false,
    "duvod": null,
    "hlasoval_v": "2025-11-18T12:23:22.286Z"
  }
},
{
  "model": "aplikace.dochazkatreninky",
  "pk": 22,
  "fields": {
    "trenink": 7,
    "hrac": 6,
    "pritomen": false,
    "duvod": null,
    "hlasoval_v": "2025-11-18T12:23:22.291Z"
  }
},
{
  "model": "aplikace.dochazkatreninky",
  "pk": 23,
  "fields": {
    "trenink": 13,
    "hrac": 2,
    "pritomen": true,
    "duvod": null,
    "hlasoval_v": "2025-11-19T22:34:27.878Z"
  }
},
{
  "model": "aplikace.dochazkatreninky",
  "pk": 24,
  "fields": {
    "trenink": 13,
    "hrac": 3,
    "pritomen": false,
    "duvod": null,
    "hlasoval_v": "2025-11-22T21:37:24.939Z"
  }
},
{
  "model": "aplikace.dochazkatreninky",
  "pk": 25,
  "fields": {
    "trenink": 13,
    "hrac": 6,
    "pritomen": false,
    "duvod": null,
    "hlasoval_v": "2025-11-22T21:37:24.945Z"
  }
},
{
  "model": "aplikace.dochazkatreninky",
  "pk": 26,
  "fields": {
    "trenink": 13,
    "hrac": 4,
    "pritomen": false,
    "duvod": null,
    "hlasoval_v": "2025-11-22T21:37:24.947Z"
  }
},
{
  "model": "aplikace.dochazkatreninky",
  "pk": 27,
  "fields": {
    "trenink": 13,
    "hrac": 5,
    "pritomen": false,
    "duvod": null,
    "hlasoval_v": "2025-11-22T21:37:24.948Z"
  }
},
{
  "model": "aplikace.zapas",
  "pk": 6,
  "fields": {
    "tym": 2,
    "souper": "Real Madrid CF",
    "datum": "2025-11-30",
    "cas": "21:00:00",
    "domaci_hoste": "Domácí",
    "misto": "Camp Nou, Barcelona",
    "stav": "Naplánováno",
    "vysledek_tymu": null,
    "vysledek_soupere": 0,
    "created_at": "2025-11-19T08:45:53.621Z"
  }
},
{
  "model": "aplikace.zapas",
  "pk": 19,
  "fields": {
    "tym": 1,
    "souper": "PSG",
    "datum": "2025-11-23",
    "cas": "09:42:00",
    "domaci_hoste": "Domácí",
    "misto": "Camp Nou, Barcelona",
    "stav": "Dohráno",
    "vysledek_tymu": null,
    "vysledek_soupere": 0,
    "created_at": "2025-11-19T22:26:07.910Z"
  }
},
{
  "model": "aplikace.zapas",
  "pk": 26,
  "fields": {
    "tym": 1,
    "souper": "Arsenal FC",
    "datum": "2025-11-23",
    "cas": "09:30:00",
    "domaci_hoste": "Hosté",
    "misto": "Emirates Stadium, Londýn",
    "stav": "Dohráno",
    "vysledek_tymu": null,
    "vysledek_soupere": 1,
    "created_at": "2025-11-23T08:25:02.977Z"
  }
},
{
  "model": "aplikace.zapas",
  "pk": 27,
  "fields": {
    "tym": 1,
    "souper": "Real Madrid CF",
    "datum": "2025-11-23",
    "cas": "09:32:00",
    "domaci_hoste": "Domácí",
    "misto": "Camp Nou, Barcelona",
    "stav": "Dohráno",
    "vysledek_tymu": null,
    "vysledek_soupere": 1,
    "created_at": "2025-11-23T08:25:30.779Z"
  }
},
{
  "model": "aplikace.zapas",
  "pk": 28,
  "fields": {
    "tym": 1,
    "souper": "AC Milan",
    "datum": "2025-11-23",
    "cas": "09:33:00",
    "domaci_hoste": "Hosté",
    "misto": "San Siro, Milán",
    "stav": "Dohráno",
    "vysledek_tymu": null,
    "vysledek_soupere": 2,
    "created_at": "2025-11-23T08:26:02.878Z"
  }
},
{
  "model": "aplikace.zapas",
  "pk": 33,
  "fields": {
    "tym": 1,
    "souper": "Liverpool FC",
    "datum": "2025-11-02",
    "cas": "21:00:00",
    "domaci_hoste": "Domácí",
    "misto": "Camp Nou, Barcelona",
    "stav": "Dohráno",
    "vysledek_tymu": null,
    "vysledek_soupere": 2,
    "created_at": "2025-11-23T13:54:42.434Z"
  }
},
{
  "model": "aplikace.dochazkazapasy",
  "pk": 3,
  "fields": {
    "zapas": 19,
    "hrac": 2,
    "pritomen": true,
    "poznamka": null
  }
},
{
  "model": "aplikace.dochazkazapasy",
  "pk": 4,
  "fields": {
    "zapas": 26,
    "hrac": 2,
    "pritomen": true,
    "poznamka": null
  }
},
{
  "model": "aplikace.dochazkazapasy",
  "pk": 5,
  "fields": {
    "zapas": 26,
    "hrac": 3,
    "pritomen": false,
    "poznamka": null
  }
},
{
  "model": "aplikace.dochazkazapasy",
  "pk": 6,
  "fields": {
    "zapas": 26,
    "hrac": 4,
    "pritomen": true,
    "poznamka": null
  }
},
{
  "model": "aplikace.dochazkazapasy",
  "pk": 7,
  "fields": {
    "zapas": 26,
    "hrac": 5,
    "pritomen": true,
    "poznamka": null
  }
},
{
  "model": "aplikace.dochazkazapasy",
  "pk": 8,
  "fields": {
    "zapas": 26,
    "hrac": 6,
    "pritomen": true,
    "poznamka": null
  }
},
{
  "model": "aplikace.dochazkazapasy",
  "pk": 9,
  "fields": {
    "zapas": 27,
    "hrac": 2,
    "pritomen": true,
    "poznamka": null
  }
},
{
  "model": "aplikace.dochazkazapasy",
  "pk": 10,
  "fields": {
    "zapas": 27,
    "hrac": 3,
    "pritomen": true,
    "poznamka": null
  }
},
{
  "model": "aplikace.dochazkazapasy",
  "pk": 11,
  "fields": {
    "zapas": 27,
    "hrac": 4,
    "pritomen": false,
    "poznamka": null
  }
},
{
  "model": "aplikace.dochazkazapasy",
  "pk": 12,
  "fields": {
    "zapas": 27,
    "hrac": 5,
    "pritomen": true,
    "poznamka": null
  }
},
{
  "model": "aplikace.dochazkazapasy",
  "pk": 13,
  "fields": {
    "zapas": 27,
    "hrac": 6,
    "pritomen": true,
    "poznamka": null
  }
},
{
  "model": "aplikace.dochazkazapasy",
  "pk": 14,
  "fields": {
    "zapas": 28,
    "hrac": 2,
    "pritomen": false,
    "poznamka": null
  }
},
{
  "model": "aplikace.dochazkazapasy",
  "pk": 15,
  "fields": {
    "zapas": 28,
    "hrac": 3,
    "pritomen": true,
    "poznamka": null
  }
},
{
  "model": "aplikace.dochazkazapasy",
  "pk": 16,
  "fields": {
    "zapas": 28,
    "hrac": 4,
    "pritomen": true,
    "poznamka": null
  }
},
{
  "model": "aplikace.dochazkazapasy",
  "pk": 17,
  "fields": {
    "zapas": 19,
    "hrac": 5,
    "pritomen": true,
    "poznamka": null
  }
},
{
  "model": "aplikace.dochazkazapasy",
  "pk": 18,
  "fields": {
    "zapas": 19,
    "hrac": 6,
    "pritomen": true,
    "poznamka": null
  }
},
{
  "model": "aplikace.dochazkazapasy",
  "pk": 19,
  "fields": {
    "zapas": 19,
    "hrac": 3,
    "pritomen": false,
    "poznamka": null
  }
},
{
  "model": "aplikace.dochazkazapasy",
  "pk": 20,
  "fields": {
    "zapas": 19,
    "hrac": 4,
    "pritomen": false,
    "poznamka": null
  }
},
{
  "model": "aplikace.gol",
  "pk": 29,
  "fields": {
    "zapas": 26,
    "hrac": 6,
    "minuta": 34,
    "typ": "normalni"
  }
},
{
  "model": "aplikace.gol",
  "pk": 30,
  "fields": {
    "zapas": 26,
    "hrac": 5,
    "minuta": 41,
    "typ": "normalni"
  }
},
{
  "model": "aplikace.gol",
  "pk": 31,
  "fields": {
    "zapas": 26,
    "hrac": 5,
    "minuta": 76,
    "typ": "primak"
  }
},
{
  "model": "aplikace.gol",
  "pk": 32,
  "fields": {
    "zapas": 26,
    "hrac": 2,
    "minuta": 83,
    "typ": "normalni"
  }
},
{
  "model": "aplikace.gol",
  "pk": 33,
  "fields": {
    "zapas": 27,
    "hrac": 2,
    "minuta": 12,
    "typ": "normalni"
  }
},
{
  "model": "aplikace.gol",
  "pk": 34,
  "fields": {
    "zapas": 28,
    "hrac": 3,
    "minuta": 34,
    "typ": "penalta"
  }
},
{
  "model": "aplikace.gol",
  "pk": 35,
  "fields": {
    "zapas": 19,
    "hrac": 6,
    "minuta": 51,
    "typ": "normalni"
  }
},
{
  "model": "aplikace.gol",
  "pk": 36,
  "fields": {
    "zapas": 19,
    "hrac": 6,
    "minuta": 63,
    "typ": "normalni"
  }
},
{
  "model": "aplikace.gol",
  "pk": 40,
  "fields": {
    "zapas": 33,
    "hrac": 6,
    "minuta": 54,
    "typ": "normalni"
  }
},
{
  "model": "aplikace.gol",
  "pk": 41,
  "fields": {
    "zapas": 33,
    "hrac": 3,
    "minuta": 63,
    "typ": "penalta"
  }
},
{
  "model": "aplikace.gol",
  "pk": 42,
  "fields": {
    "zapas": 33,
    "hrac": 5,
    "minuta": 81,
    "typ": "primak"
  }
},
{
  "model": "aplikace.karta",
  "pk": 6,
  "fields": {
    "zapas": 26,
    "hrac": 6,
    "typ": "zluta",
    "minuta": 56
  }
},
{
  "model": "aplikace.karta",
  "pk": 7,
  "fields": {
    "zapas": 28,
    "hrac": 4,
    "typ": "cervena",
    "minuta": 43
  }
},
{
  "model": "aplikace.karta",
  "pk": 8,
  "fields": {
    "zapas": 33,
    "hrac": 4,
    "typ": "zluta",
    "minuta": 84
  }
}
]
